text,label
I have chills and body ache,flu
I have chills and headache,flu
I have headache and fatigue,flu
I have chills and fever,flu
I have fatigue and body ache,flu
I have body ache and chills,flu
I have headache and chills,flu
I have headache and fatigue,flu
I have chills and fever,flu
I have fever and headache,flu
I have fatigue and fever,flu
I have fever and headache,flu
I have fatigue and body ache,flu
I have fever and headache,flu
I have fatigue and headache,flu
I have headache and fatigue,flu
I have fever and body ache,flu
I have fatigue and body ache,flu
I have body ache and headache,flu
I have chills and fatigue,flu
I have fatigue and fever,flu
I have chills and fatigue,flu
I have fatigue and chills,flu
I have headache and chills,flu
I have fever and headache,flu
I have chills and body ache,flu
I have chills and fever,flu
I have chills and fever,flu
I have chills and fever,flu
I have fever and body ache,flu
I have headache and fever,flu
I have body ache and chills,flu
I have chills and headache,flu
I have headache and body ache,flu
I have fever and chills,flu
I have fatigue and fever,flu
I have headache and chills,flu
I have headache and chills,flu
I have headache and fever,flu
I have fatigue and chills,flu
I have headache and fatigue,flu
I have body ache and chills,flu
I have headache and fatigue,flu
I have body ache and chills,flu
I have headache and fever,flu
I have fatigue and fever,flu
I have body ache and fatigue,flu
I have headache and fatigue,flu
I have fever and fatigue,flu
I have body ache and chills,flu
I have fatigue and headache,flu
I have fatigue and body ache,flu
I have fatigue and headache,flu
I have fever and fatigue,flu
I have fever and headache,flu
I have fatigue and chills,flu
I have fever and body ache,flu
I have chills and body ache,flu
I have body ache and fatigue,flu
I have fatigue and fever,flu
I have body ache and fatigue,flu
I have headache and fever,flu
I have body ache and chills,flu
I have chills and body ache,flu
I have fever and chills,flu
I have fever and body ache,flu
I have headache and chills,flu
I have fever and headache,flu
I have fatigue and headache,flu
I have chills and headache,flu
I have headache and body ache,flu
I have body ache and fatigue,flu
I have body ache and chills,flu
I have fever and body ache,flu
I have headache and fever,flu
I have chills and fatigue,flu
I have body ache and fatigue,flu
I have headache and chills,flu
I have chills and body ache,flu
I have headache and fever,flu
I have chills and headache,flu
I have fatigue and chills,flu
I have headache and fever,flu
I have fatigue and headache,flu
I have headache and fatigue,flu
I have chills and headache,flu
I have body ache and fever,flu
I have fatigue and fever,flu
I have chills and fatigue,flu
I have headache and body ache,flu
I have fatigue and chills,flu
I have fatigue and headache,flu
I have fatigue and body ache,flu
I have body ache and chills,flu
I have chills and body ache,flu
I have headache and fatigue,flu
I have headache and fever,flu
I have chills and fatigue,flu
I have chills and fever,flu
I have body ache and headache,flu
I have fatigue and chills,flu
I have fatigue and chills,flu
I have chills and body ache,flu
I have fatigue and body ache,flu
I have headache and fever,flu
I have fatigue and body ache,flu
I have fever and fatigue,flu
I have chills and fever,flu
I have fever and fatigue,flu
I have chills and body ache,flu
I have chills and fever,flu
I have headache and chills,flu
I have fatigue and headache,flu
I have chills and headache,flu
I have chills and fever,flu
I have body ache and fever,flu
I have fever and chills,flu
I have chills and body ache,flu
I have headache and chills,flu
I have body ache and fatigue,flu
I have fatigue and fever,flu
I have fever and headache,flu
I have fever and headache,flu
I have chills and body ache,flu
I have chills and fever,flu
I have headache and body ache,flu
I have fever and body ache,flu
I have fatigue and chills,flu
I have fatigue and fever,flu
I have body ache and fever,flu
I have body ache and fatigue,flu
I have fatigue and body ache,flu
I have fever and body ache,flu
I have fever and fatigue,flu
I have headache and fever,flu
I have chills and fatigue,flu
I have headache and chills,flu
I have headache and fever,flu
I have headache and fever,flu
I have chills and fever,flu
I have fatigue and body ache,flu
I have body ache and chills,flu
I have fever and headache,flu
I have fatigue and fever,flu
I have fever and fatigue,flu
I have headache and body ache,flu
I have fatigue and fever,flu
I have fever and body ache,flu
I have body ache and chills,flu
I have chills and headache,flu
I have fatigue and chills,flu
I have chills and headache,flu
I have chills and body ache,flu
I have body ache and fatigue,flu
I have chills and body ache,flu
I have fatigue and chills,flu
I have body ache and headache,flu
I have body ache and fatigue,flu
I have chills and fever,flu
I have fatigue and body ache,flu
I have body ache and fever,flu
I have headache and body ache,flu
I have chills and body ache,flu
I have chills and body ache,flu
I have fever and body ache,flu
I have headache and fatigue,flu
I have fever and fatigue,flu
I have fatigue and headache,flu
I have headache and chills,flu
I have body ache and fatigue,flu
I have body ache and chills,flu
I have fever and fatigue,flu
I have headache and body ache,flu
I have chills and fever,flu
I have chills and body ache,flu
I have chills and body ache,flu
I have body ache and chills,flu
I have chills and body ache,flu
I have fatigue and body ache,flu
I have fever and headache,flu
I have fever and chills,flu
I have headache and body ache,flu
I have chills and fever,flu
I have body ache and fatigue,flu
I have fatigue and body ache,flu
I have chills and fatigue,flu
I have fever and chills,flu
I have fever and body ache,flu
I have body ache and headache,flu
I have headache and fatigue,flu
I have fever and headache,flu
I have headache and fever,flu
I have body ache and headache,flu
I have fever and fatigue,flu
I have body ache and chills,flu
I have fatigue and body ache,flu
I have chills and fatigue,flu
I have fever and headache,flu
I have fever and body ache,flu
I have headache and body ache,flu
I have runny nose and sneezing,cold
I have cough and sneezing,cold
I have cough and runny nose,cold
I have runny nose and sneezing,cold
I have sore throat and cough,cold
I have runny nose and sneezing,cold
I have sneezing and runny nose,cold
I have runny nose and sore throat,cold
I have sore throat and cough,cold
I have runny nose and cough,cold
I have sore throat and runny nose,cold
I have runny nose and sneezing,cold
I have sneezing and runny nose,cold
I have sore throat and cough,cold
I have runny nose and sore throat,cold
I have sneezing and cough,cold
I have sneezing and cough,cold
I have runny nose and sore throat,cold
I have cough and sneezing,cold
I have sore throat and sneezing,cold
I have sneezing and sore throat,cold
I have runny nose and sneezing,cold
I have cough and sore throat,cold
I have sore throat and cough,cold
I have cough and runny nose,cold
I have sore throat and runny nose,cold
I have sneezing and cough,cold
I have runny nose and sneezing,cold
I have sore throat and runny nose,cold
I have sore throat and cough,cold
I have sneezing and runny nose,cold
I have cough and sneezing,cold
I have sneezing and cough,cold
I have sore throat and runny nose,cold
I have runny nose and cough,cold
I have runny nose and sore throat,cold
I have runny nose and sneezing,cold
I have runny nose and cough,cold
I have runny nose and cough,cold
I have runny nose and cough,cold
I have sneezing and sore throat,cold
I have sneezing and cough,cold
I have sneezing and cough,cold
I have sore throat and runny nose,cold
I have runny nose and sneezing,cold
I have runny nose and cough,cold
I have sore throat and cough,cold
I have runny nose and sore throat,cold
I have sneezing and sore throat,cold
I have sneezing and cough,cold
I have cough and runny nose,cold
I have cough and runny nose,cold
I have sneezing and sore throat,cold
I have sore throat and runny nose,cold
I have cough and sore throat,cold
I have sneezing and sore throat,cold
I have runny nose and sore throat,cold
I have runny nose and sore throat,cold
I have cough and runny nose,cold
I have sneezing and runny nose,cold
I have runny nose and sore throat,cold
I have sore throat and runny nose,cold
I have sneezing and runny nose,cold
I have sneezing and sore throat,cold
I have sneezing and sore throat,cold
I have cough and sore throat,cold
I have runny nose and sneezing,cold
I have sneezing and cough,cold
I have cough and runny nose,cold
I have cough and sneezing,cold
I have sneezing and sore throat,cold
I have sore throat and cough,cold
I have runny nose and sneezing,cold
I have cough and sore throat,cold
I have runny nose and cough,cold
I have sneezing and sore throat,cold
I have sneezing and cough,cold
I have cough and runny nose,cold
I have runny nose and cough,cold
I have sneezing and runny nose,cold
I have cough and runny nose,cold
I have runny nose and sore throat,cold
I have sore throat and sneezing,cold
I have sore throat and cough,cold
I have sneezing and cough,cold
I have runny nose and cough,cold
I have sneezing and cough,cold
I have sneezing and sore throat,cold
I have runny nose and cough,cold
I have cough and sore throat,cold
I have sneezing and sore throat,cold
I have cough and sore throat,cold
I have sneezing and sore throat,cold
I have cough and sore throat,cold
I have runny nose and sore throat,cold
I have sore throat and runny nose,cold
I have cough and sneezing,cold
I have sore throat and runny nose,cold
I have sore throat and sneezing,cold
I have sore throat and sneezing,cold
I have cough and sore throat,cold
I have sneezing and cough,cold
I have sore throat and sneezing,cold
I have cough and sore throat,cold
I have cough and runny nose,cold
I have sore throat and cough,cold
I have sneezing and runny nose,cold
I have runny nose and sneezing,cold
I have sneezing and cough,cold
I have runny nose and sneezing,cold
I have cough and runny nose,cold
I have runny nose and cough,cold
I have sore throat and cough,cold
I have sneezing and cough,cold
I have runny nose and cough,cold
I have sneezing and sore throat,cold
I have runny nose and cough,cold
I have sore throat and cough,cold
I have cough and runny nose,cold
I have runny nose and sneezing,cold
I have runny nose and cough,cold
I have sore throat and sneezing,cold
I have cough and sore throat,cold
I have sore throat and cough,cold
I have sneezing and cough,cold
I have sneezing and sore throat,cold
I have sore throat and cough,cold
I have sore throat and sneezing,cold
I have sore throat and runny nose,cold
I have sore throat and runny nose,cold
I have sore throat and runny nose,cold
I have cough and sneezing,cold
I have runny nose and sore throat,cold
I have cough and sneezing,cold
I have cough and sore throat,cold
I have sneezing and sore throat,cold
I have sore throat and runny nose,cold
I have cough and sore throat,cold
I have runny nose and sneezing,cold
I have runny nose and sore throat,cold
I have runny nose and sore throat,cold
I have sore throat and sneezing,cold
I have sneezing and sore throat,cold
I have cough and sneezing,cold
I have cough and runny nose,cold
I have sore throat and sneezing,cold
I have cough and sneezing,cold
I have cough and sneezing,cold
I have runny nose and cough,cold
I have cough and sore throat,cold
I have sore throat and sneezing,cold
I have sneezing and sore throat,cold
I have cough and sore throat,cold
I have cough and sore throat,cold
I have cough and runny nose,cold
I have cough and runny nose,cold
I have sore throat and cough,cold
I have runny nose and sore throat,cold
I have sneezing and sore throat,cold
I have sneezing and cough,cold
I have cough and sore throat,cold
I have sore throat and sneezing,cold
I have sneezing and cough,cold
I have runny nose and sore throat,cold
I have cough and runny nose,cold
I have sneezing and cough,cold
I have cough and runny nose,cold
I have runny nose and sore throat,cold
I have sneezing and runny nose,cold
I have cough and sneezing,cold
I have sneezing and cough,cold
I have runny nose and cough,cold
I have sore throat and sneezing,cold
I have sneezing and cough,cold
I have sore throat and sneezing,cold
I have sore throat and runny nose,cold
I have cough and sneezing,cold
I have sore throat and runny nose,cold
I have cough and sneezing,cold
I have runny nose and sneezing,cold
I have runny nose and sore throat,cold
I have cough and runny nose,cold
I have sore throat and sneezing,cold
I have sore throat and cough,cold
I have sore throat and runny nose,cold
I have sneezing and runny nose,cold
I have sneezing and cough,cold
I have cough and sneezing,cold
I have runny nose and cough,cold
I have runny nose and sneezing,cold
I have runny nose and sneezing,cold
I have cough and sneezing,cold
I have runny nose and cough,cold
I have runny nose and sore throat,cold
I have sneezing and sore throat,cold
I have sneezing and runny nose,cold
I have sneezing and runny nose,cold
I have cough and sore throat,cold
I have runny nose and cough,cold
I have runny nose and sneezing,cold
I have severe headache and sensitivity to light,migraine
I have sensitivity to light and nausea,migraine
I have nausea and severe headache,migraine
I have nausea and severe headache,migraine
I have sensitivity to light and nausea,migraine
I have severe headache and sensitivity to light,migraine
I have nausea and sensitivity to light,migraine
I have nausea and sensitivity to light,migraine
I have sensitivity to light and severe headache,migraine
I have severe headache and sensitivity to light,migraine
I have nausea and severe headache,migraine
I have severe headache and sensitivity to light,migraine
I have sensitivity to light and nausea,migraine
I have sensitivity to light and nausea,migraine
I have sensitivity to light and nausea,migraine
I have severe headache and sensitivity to light,migraine
I have severe headache and nausea,migraine
I have nausea and sensitivity to light,migraine
I have nausea and sensitivity to light,migraine
I have sensitivity to light and nausea,migraine
I have sensitivity to light and nausea,migraine
I have sensitivity to light and nausea,migraine
I have severe headache and nausea,migraine
I have sensitivity to light and severe headache,migraine
I have severe headache and nausea,migraine
I have sensitivity to light and severe headache,migraine
I have severe headache and nausea,migraine
I have sensitivity to light and severe headache,migraine
I have nausea and severe headache,migraine
I have sensitivity to light and nausea,migraine
I have nausea and severe headache,migraine
I have severe headache and nausea,migraine
I have severe headache and nausea,migraine
I have severe headache and sensitivity to light,migraine
I have severe headache and sensitivity to light,migraine
I have sensitivity to light and severe headache,migraine
I have nausea and severe headache,migraine
I have nausea and severe headache,migraine
I have nausea and sensitivity to light,migraine
I have sensitivity to light and nausea,migraine
I have severe headache and nausea,migraine
I have nausea and sensitivity to light,migraine
I have sensitivity to light and severe headache,migraine
I have nausea and severe headache,migraine
I have nausea and sensitivity to light,migraine
I have nausea and severe headache,migraine
I have sensitivity to light and nausea,migraine
I have severe headache and nausea,migraine
I have severe headache and nausea,migraine
I have severe headache and nausea,migraine
I have nausea and severe headache,migraine
I have nausea and severe headache,migraine
I have severe headache and sensitivity to light,migraine
I have severe headache and nausea,migraine
I have severe headache and nausea,migraine
I have sensitivity to light and severe headache,migraine
I have nausea and sensitivity to light,migraine
I have sensitivity to light and nausea,migraine
I have nausea and sensitivity to light,migraine
I have sensitivity to light and severe headache,migraine
I have nausea and sensitivity to light,migraine
I have severe headache and sensitivity to light,migraine
I have nausea and severe headache,migraine
I have nausea and sensitivity to light,migraine
I have nausea and severe headache,migraine
I have nausea and severe headache,migraine
I have sensitivity to light and nausea,migraine
I have sensitivity to light and severe headache,migraine
I have sensitivity to light and severe headache,migraine
I have sensitivity to light and nausea,migraine
I have nausea and severe headache,migraine
I have nausea and sensitivity to light,migraine
I have nausea and sensitivity to light,migraine
I have severe headache and nausea,migraine
I have sensitivity to light and severe headache,migraine
I have nausea and severe headache,migraine
I have severe headache and nausea,migraine
I have sensitivity to light and nausea,migraine
I have severe headache and sensitivity to light,migraine
I have sensitivity to light and nausea,migraine
I have sensitivity to light and nausea,migraine
I have sensitivity to light and severe headache,migraine
I have sensitivity to light and nausea,migraine
I have sensitivity to light and nausea,migraine
I have nausea and sensitivity to light,migraine
I have sensitivity to light and nausea,migraine
I have severe headache and sensitivity to light,migraine
I have nausea and sensitivity to light,migraine
I have severe headache and sensitivity to light,migraine
I have nausea and severe headache,migraine
I have severe headache and sensitivity to light,migraine
I have sensitivity to light and severe headache,migraine
I have nausea and severe headache,migraine
I have nausea and severe headache,migraine
I have severe headache and nausea,migraine
I have nausea and severe headache,migraine
I have sensitivity to light and nausea,migraine
I have sensitivity to light and severe headache,migraine
I have sensitivity to light and severe headache,migraine
I have severe headache and nausea,migraine
I have severe headache and nausea,migraine
I have nausea and severe headache,migraine
I have severe headache and nausea,migraine
I have sensitivity to light and nausea,migraine
I have nausea and sensitivity to light,migraine
I have nausea and sensitivity to light,migraine
I have severe headache and nausea,migraine
I have severe headache and nausea,migraine
I have sensitivity to light and severe headache,migraine
I have nausea and severe headache,migraine
I have nausea and sensitivity to light,migraine
I have sensitivity to light and severe headache,migraine
I have nausea and sensitivity to light,migraine
I have severe headache and nausea,migraine
I have severe headache and sensitivity to light,migraine
I have sensitivity to light and nausea,migraine
I have sensitivity to light and nausea,migraine
I have nausea and severe headache,migraine
I have severe headache and sensitivity to light,migraine
I have nausea and severe headache,migraine
I have severe headache and sensitivity to light,migraine
I have severe headache and sensitivity to light,migraine
I have sensitivity to light and severe headache,migraine
I have sensitivity to light and severe headache,migraine
I have sensitivity to light and nausea,migraine
I have sensitivity to light and severe headache,migraine
I have sensitivity to light and severe headache,migraine
I have severe headache and nausea,migraine
I have sensitivity to light and nausea,migraine
I have sensitivity to light and severe headache,migraine
I have nausea and sensitivity to light,migraine
I have nausea and sensitivity to light,migraine
I have nausea and severe headache,migraine
I have sensitivity to light and nausea,migraine
I have nausea and sensitivity to light,migraine
I have nausea and sensitivity to light,migraine
I have sensitivity to light and severe headache,migraine
I have severe headache and nausea,migraine
I have nausea and severe headache,migraine
I have nausea and severe headache,migraine
I have severe headache and nausea,migraine
I have nausea and severe headache,migraine
I have severe headache and nausea,migraine
I have nausea and severe headache,migraine
I have severe headache and nausea,migraine
I have nausea and severe headache,migraine
I have sensitivity to light and severe headache,migraine
I have severe headache and nausea,migraine
I have nausea and sensitivity to light,migraine
I have nausea and sensitivity to light,migraine
I have nausea and sensitivity to light,migraine
I have nausea and severe headache,migraine
I have nausea and sensitivity to light,migraine
I have nausea and severe headache,migraine
I have severe headache and nausea,migraine
I have nausea and sensitivity to light,migraine
I have severe headache and nausea,migraine
I have sensitivity to light and severe headache,migraine
I have nausea and sensitivity to light,migraine
I have nausea and sensitivity to light,migraine
I have severe headache and nausea,migraine
I have sensitivity to light and severe headache,migraine
I have nausea and sensitivity to light,migraine
I have nausea and sensitivity to light,migraine
I have sensitivity to light and nausea,migraine
I have sensitivity to light and severe headache,migraine
I have sensitivity to light and nausea,migraine
I have severe headache and nausea,migraine
I have nausea and sensitivity to light,migraine
I have severe headache and sensitivity to light,migraine
I have sensitivity to light and nausea,migraine
I have nausea and severe headache,migraine
I have nausea and sensitivity to light,migraine
I have nausea and sensitivity to light,migraine
I have sensitivity to light and nausea,migraine
I have nausea and sensitivity to light,migraine
I have severe headache and nausea,migraine
I have sensitivity to light and nausea,migraine
I have severe headache and nausea,migraine
I have severe headache and nausea,migraine
I have severe headache and nausea,migraine
I have severe headache and sensitivity to light,migraine
I have nausea and severe headache,migraine
I have sensitivity to light and nausea,migraine
I have sensitivity to light and severe headache,migraine
I have nausea and sensitivity to light,migraine
I have sensitivity to light and severe headache,migraine
I have sensitivity to light and nausea,migraine
I have sensitivity to light and severe headache,migraine
I have sensitivity to light and nausea,migraine
I have severe headache and sensitivity to light,migraine
I have sensitivity to light and severe headache,migraine
I have severe headache and nausea,migraine
I have nausea and severe headache,migraine
I have nausea and severe headache,migraine
I have severe headache and sensitivity to light,migraine
I have sensitivity to light and severe headache,migraine
I have sensitivity to light and nausea,migraine
I have sensitivity to light and severe headache,migraine
I have severe headache and sensitivity to light,migraine
I have shortness of breath and chest pain,heart
I have shortness of breath and chest pain,heart
I have left arm pain and shortness of breath,heart
I have left arm pain and shortness of breath,heart
I have left arm pain and shortness of breath,heart
I have shortness of breath and chest pain,heart
I have shortness of breath and chest pain,heart
I have shortness of breath and left arm pain,heart
I have left arm pain and chest pain,heart
I have left arm pain and chest pain,heart
I have left arm pain and shortness of breath,heart
I have shortness of breath and chest pain,heart
I have left arm pain and chest pain,heart
I have shortness of breath and chest pain,heart
I have shortness of breath and chest pain,heart
I have shortness of breath and chest pain,heart
I have shortness of breath and left arm pain,heart
I have shortness of breath and chest pain,heart
I have chest pain and shortness of breath,heart
I have chest pain and shortness of breath,heart
I have chest pain and shortness of breath,heart
I have left arm pain and chest pain,heart
I have left arm pain and shortness of breath,heart
I have chest pain and left arm pain,heart
I have left arm pain and chest pain,heart
I have shortness of breath and chest pain,heart
I have left arm pain and shortness of breath,heart
I have left arm pain and chest pain,heart
I have left arm pain and chest pain,heart
I have left arm pain and shortness of breath,heart
I have chest pain and left arm pain,heart
I have left arm pain and chest pain,heart
I have chest pain and left arm pain,heart
I have chest pain and shortness of breath,heart
I have left arm pain and shortness of breath,heart
I have shortness of breath and chest pain,heart
I have shortness of breath and left arm pain,heart
I have shortness of breath and chest pain,heart
I have chest pain and left arm pain,heart
I have chest pain and left arm pain,heart
I have left arm pain and shortness of breath,heart
I have chest pain and left arm pain,heart
I have chest pain and left arm pain,heart
I have chest pain and shortness of breath,heart
I have shortness of breath and chest pain,heart
I have shortness of breath and chest pain,heart
I have chest pain and left arm pain,heart
I have chest pain and left arm pain,heart
I have chest pain and left arm pain,heart
I have shortness of breath and left arm pain,heart
I have left arm pain and shortness of breath,heart
I have shortness of breath and left arm pain,heart
I have left arm pain and chest pain,heart
I have shortness of breath and left arm pain,heart
I have shortness of breath and chest pain,heart
I have chest pain and shortness of breath,heart
I have left arm pain and chest pain,heart
I have left arm pain and shortness of breath,heart
I have chest pain and shortness of breath,heart
I have left arm pain and chest pain,heart
I have left arm pain and chest pain,heart
I have shortness of breath and chest pain,heart
I have shortness of breath and left arm pain,heart
I have chest pain and left arm pain,heart
I have left arm pain and shortness of breath,heart
I have chest pain and shortness of breath,heart
I have shortness of breath and chest pain,heart
I have left arm pain and chest pain,heart
I have shortness of breath and chest pain,heart
I have chest pain and left arm pain,heart
I have chest pain and left arm pain,heart
I have shortness of breath and left arm pain,heart
I have chest pain and left arm pain,heart
I have left arm pain and shortness of breath,heart
I have chest pain and shortness of breath,heart
I have left arm pain and shortness of breath,heart
I have shortness of breath and chest pain,heart
I have chest pain and left arm pain,heart
I have chest pain and left arm pain,heart
I have left arm pain and chest pain,heart
I have chest pain and shortness of breath,heart
I have chest pain and shortness of breath,heart
I have shortness of breath and left arm pain,heart
I have shortness of breath and left arm pain,heart
I have left arm pain and shortness of breath,heart
I have shortness of breath and chest pain,heart
I have chest pain and shortness of breath,heart
I have shortness of breath and chest pain,heart
I have left arm pain and shortness of breath,heart
I have chest pain and shortness of breath,heart
I have left arm pain and chest pain,heart
I have left arm pain and chest pain,heart
I have left arm pain and shortness of breath,heart
I have shortness of breath and chest pain,heart
I have shortness of breath and chest pain,heart
I have chest pain and shortness of breath,heart
I have chest pain and left arm pain,heart
I have chest pain and shortness of breath,heart
I have left arm pain and shortness of breath,heart
I have left arm pain and shortness of breath,heart
I have chest pain and left arm pain,heart
I have left arm pain and shortness of breath,heart
I have shortness of breath and left arm pain,heart
I have left arm pain and chest pain,heart
I have left arm pain and shortness of breath,heart
I have shortness of breath and chest pain,heart
I have shortness of breath and chest pain,heart
I have chest pain and left arm pain,heart
I have left arm pain and shortness of breath,heart
I have left arm pain and shortness of breath,heart
I have chest pain and shortness of breath,heart
I have chest pain and shortness of breath,heart
I have chest pain and shortness of breath,heart
I have chest pain and left arm pain,heart
I have chest pain and shortness of breath,heart
I have chest pain and left arm pain,heart
I have shortness of breath and left arm pain,heart
I have left arm pain and chest pain,heart
I have chest pain and left arm pain,heart
I have shortness of breath and left arm pain,heart
I have chest pain and left arm pain,heart
I have shortness of breath and chest pain,heart
I have left arm pain and shortness of breath,heart
I have chest pain and left arm pain,heart
I have left arm pain and shortness of breath,heart
I have chest pain and shortness of breath,heart
I have shortness of breath and left arm pain,heart
I have chest pain and shortness of breath,heart
I have chest pain and left arm pain,heart
I have left arm pain and chest pain,heart
I have shortness of breath and chest pain,heart
I have left arm pain and shortness of breath,heart
I have left arm pain and chest pain,heart
I have chest pain and shortness of breath,heart
I have shortness of breath and chest pain,heart
I have chest pain and shortness of breath,heart
I have chest pain and shortness of breath,heart
I have left arm pain and shortness of breath,heart
I have shortness of breath and left arm pain,heart
I have left arm pain and shortness of breath,heart
I have shortness of breath and chest pain,heart
I have shortness of breath and chest pain,heart
I have chest pain and left arm pain,heart
I have chest pain and shortness of breath,heart
I have chest pain and shortness of breath,heart
I have shortness of breath and chest pain,heart
I have left arm pain and chest pain,heart
I have chest pain and left arm pain,heart
I have chest pain and shortness of breath,heart
I have shortness of breath and chest pain,heart
I have shortness of breath and chest pain,heart
I have shortness of breath and left arm pain,heart
I have chest pain and left arm pain,heart
I have left arm pain and shortness of breath,heart
I have chest pain and left arm pain,heart
I have left arm pain and shortness of breath,heart
I have chest pain and left arm pain,heart
I have chest pain and left arm pain,heart
I have shortness of breath and chest pain,heart
I have chest pain and shortness of breath,heart
I have shortness of breath and left arm pain,heart
I have chest pain and shortness of breath,heart
I have chest pain and shortness of breath,heart
I have left arm pain and shortness of breath,heart
I have shortness of breath and chest pain,heart
I have shortness of breath and left arm pain,heart
I have left arm pain and shortness of breath,heart
I have left arm pain and chest pain,heart
I have shortness of breath and chest pain,heart
I have left arm pain and shortness of breath,heart
I have shortness of breath and chest pain,heart
I have left arm pain and chest pain,heart
I have left arm pain and shortness of breath,heart
I have left arm pain and chest pain,heart
I have chest pain and shortness of breath,heart
I have left arm pain and chest pain,heart
I have left arm pain and shortness of breath,heart
I have chest pain and shortness of breath,heart
I have shortness of breath and chest pain,heart
I have left arm pain and shortness of breath,heart
I have shortness of breath and left arm pain,heart
I have shortness of breath and chest pain,heart
I have chest pain and left arm pain,heart
I have left arm pain and shortness of breath,heart
I have shortness of breath and left arm pain,heart
I have chest pain and shortness of breath,heart
I have chest pain and left arm pain,heart
I have chest pain and shortness of breath,heart
I have shortness of breath and chest pain,heart
I have left arm pain and chest pain,heart
I have shortness of breath and chest pain,heart
I have shortness of breath and chest pain,heart
I have chest pain and shortness of breath,heart
I have shortness of breath and left arm pain,heart
I have shortness of breath and chest pain,heart
I have shortness of breath and left arm pain,heart
I have left arm pain and chest pain,heart
I have shortness of breath and left arm pain,heart
I have chest pain and shortness of breath,heart
I have shortness of breath and chest pain,heart
I have blurred vision and frequent urination,diabetes
I have blurred vision and frequent urination,diabetes
I have frequent urination and thirst,diabetes
I have blurred vision and fatigue,diabetes
I have frequent urination and fatigue,diabetes
I have blurred vision and fatigue,diabetes
I have thirst and frequent urination,diabetes
I have thirst and fatigue,diabetes
I have thirst and fatigue,diabetes
I have fatigue and blurred vision,diabetes
I have thirst and blurred vision,diabetes
I have frequent urination and thirst,diabetes
I have thirst and fatigue,diabetes
I have fatigue and thirst,diabetes
I have frequent urination and fatigue,diabetes
I have frequent urination and blurred vision,diabetes
I have fatigue and frequent urination,diabetes
I have thirst and fatigue,diabetes
I have thirst and fatigue,diabetes
I have frequent urination and fatigue,diabetes
I have blurred vision and thirst,diabetes
I have blurred vision and frequent urination,diabetes
I have thirst and frequent urination,diabetes
I have blurred vision and fatigue,diabetes
I have blurred vision and fatigue,diabetes
I have blurred vision and frequent urination,diabetes
I have frequent urination and fatigue,diabetes
I have blurred vision and fatigue,diabetes
I have thirst and fatigue,diabetes
I have fatigue and blurred vision,diabetes
I have blurred vision and frequent urination,diabetes
I have fatigue and blurred vision,diabetes
I have blurred vision and fatigue,diabetes
I have frequent urination and thirst,diabetes
I have frequent urination and fatigue,diabetes
I have frequent urination and thirst,diabetes
I have frequent urination and fatigue,diabetes
I have blurred vision and fatigue,diabetes
I have fatigue and thirst,diabetes
I have fatigue and frequent urination,diabetes
I have fatigue and frequent urination,diabetes
I have thirst and blurred vision,diabetes
I have blurred vision and fatigue,diabetes
I have frequent urination and fatigue,diabetes
I have thirst and fatigue,diabetes
I have frequent urination and fatigue,diabetes
I have frequent urination and blurred vision,diabetes
I have blurred vision and fatigue,diabetes
I have fatigue and frequent urination,diabetes
I have thirst and fatigue,diabetes
I have frequent urination and fatigue,diabetes
I have blurred vision and fatigue,diabetes
I have thirst and fatigue,diabetes
I have frequent urination and blurred vision,diabetes
I have thirst and blurred vision,diabetes
I have fatigue and blurred vision,diabetes
I have frequent urination and thirst,diabetes
I have thirst and fatigue,diabetes
I have blurred vision and frequent urination,diabetes
I have thirst and blurred vision,diabetes
I have fatigue and blurred vision,diabetes
I have fatigue and blurred vision,diabetes
I have frequent urination and blurred vision,diabetes
I have frequent urination and fatigue,diabetes
I have thirst and fatigue,diabetes
I have fatigue and frequent urination,diabetes
I have thirst and blurred vision,diabetes
I have frequent urination and blurred vision,diabetes
I have fatigue and thirst,diabetes
I have frequent urination and fatigue,diabetes
I have frequent urination and thirst,diabetes
I have thirst and blurred vision,diabetes
I have blurred vision and fatigue,diabetes
I have blurred vision and frequent urination,diabetes
I have frequent urination and fatigue,diabetes
I have frequent urination and fatigue,diabetes
I have frequent urination and fatigue,diabetes
I have blurred vision and thirst,diabetes
I have blurred vision and thirst,diabetes
I have thirst and blurred vision,diabetes
I have blurred vision and fatigue,diabetes
I have blurred vision and fatigue,diabetes
I have fatigue and frequent urination,diabetes
I have frequent urination and blurred vision,diabetes
I have thirst and fatigue,diabetes
I have blurred vision and frequent urination,diabetes
I have thirst and fatigue,diabetes
I have fatigue and thirst,diabetes
I have frequent urination and fatigue,diabetes
I have frequent urination and blurred vision,diabetes
I have frequent urination and fatigue,diabetes
I have thirst and blurred vision,diabetes
I have frequent urination and thirst,diabetes
I have fatigue and blurred vision,diabetes
I have thirst and blurred vision,diabetes
I have fatigue and blurred vision,diabetes
I have blurred vision and thirst,diabetes
I have frequent urination and thirst,diabetes
I have frequent urination and fatigue,diabetes
I have frequent urination and fatigue,diabetes
I have frequent urination and fatigue,diabetes
I have blurred vision and fatigue,diabetes
I have thirst and blurred vision,diabetes
I have fatigue and blurred vision,diabetes
I have fatigue and thirst,diabetes
I have frequent urination and blurred vision,diabetes
I have frequent urination and blurred vision,diabetes
I have frequent urination and fatigue,diabetes
I have frequent urination and fatigue,diabetes
I have fatigue and blurred vision,diabetes
I have fatigue and blurred vision,diabetes
I have frequent urination and blurred vision,diabetes
I have fatigue and frequent urination,diabetes
I have fatigue and blurred vision,diabetes
I have fatigue and frequent urination,diabetes
I have frequent urination and thirst,diabetes
I have thirst and fatigue,diabetes
I have fatigue and frequent urination,diabetes
I have thirst and frequent urination,diabetes
I have frequent urination and blurred vision,diabetes
I have blurred vision and thirst,diabetes
I have blurred vision and fatigue,diabetes
I have blurred vision and frequent urination,diabetes
I have thirst and fatigue,diabetes
I have blurred vision and thirst,diabetes
I have blurred vision and fatigue,diabetes
I have fatigue and frequent urination,diabetes
I have thirst and fatigue,diabetes
I have blurred vision and frequent urination,diabetes
I have frequent urination and thirst,diabetes
I have frequent urination and fatigue,diabetes
I have fatigue and blurred vision,diabetes
I have frequent urination and fatigue,diabetes
I have fatigue and frequent urination,diabetes
I have thirst and frequent urination,diabetes
I have thirst and fatigue,diabetes
I have fatigue and blurred vision,diabetes
I have blurred vision and thirst,diabetes
I have fatigue and blurred vision,diabetes
I have fatigue and frequent urination,diabetes
I have fatigue and thirst,diabetes
I have fatigue and thirst,diabetes
I have fatigue and blurred vision,diabetes
I have blurred vision and fatigue,diabetes
I have blurred vision and frequent urination,diabetes
I have blurred vision and frequent urination,diabetes
I have fatigue and thirst,diabetes
I have thirst and fatigue,diabetes
I have blurred vision and fatigue,diabetes
I have blurred vision and thirst,diabetes
I have frequent urination and fatigue,diabetes
I have thirst and frequent urination,diabetes
I have frequent urination and blurred vision,diabetes
I have thirst and blurred vision,diabetes
I have blurred vision and thirst,diabetes
I have frequent urination and blurred vision,diabetes
I have frequent urination and fatigue,diabetes
I have thirst and frequent urination,diabetes
I have fatigue and frequent urination,diabetes
I have thirst and blurred vision,diabetes
I have blurred vision and frequent urination,diabetes
I have frequent urination and thirst,diabetes
I have blurred vision and thirst,diabetes
I have frequent urination and thirst,diabetes
I have thirst and blurred vision,diabetes
I have blurred vision and frequent urination,diabetes
I have fatigue and blurred vision,diabetes
I have blurred vision and frequent urination,diabetes
I have blurred vision and thirst,diabetes
I have blurred vision and frequent urination,diabetes
I have frequent urination and blurred vision,diabetes
I have thirst and fatigue,diabetes
I have thirst and fatigue,diabetes
I have frequent urination and fatigue,diabetes
I have frequent urination and fatigue,diabetes
I have blurred vision and frequent urination,diabetes
I have thirst and frequent urination,diabetes
I have thirst and blurred vision,diabetes
I have fatigue and blurred vision,diabetes
I have frequent urination and fatigue,diabetes
I have blurred vision and frequent urination,diabetes
I have blurred vision and thirst,diabetes
I have thirst and frequent urination,diabetes
I have fatigue and frequent urination,diabetes
I have fatigue and blurred vision,diabetes
I have blurred vision and fatigue,diabetes
I have blurred vision and frequent urination,diabetes
I have fatigue and thirst,diabetes
I have frequent urination and fatigue,diabetes
I have blurred vision and frequent urination,diabetes
I have blurred vision and frequent urination,diabetes
I have fatigue and blurred vision,diabetes
I have frequent urination and blurred vision,diabetes
I have blurred vision and frequent urination,diabetes
I have blurred vision and frequent urination,diabetes
I have blurred vision and fatigue,diabetes
I have blurred vision and fatigue,diabetes
I have blurred vision and fatigue,diabetes
I have thirst and frequent urination,diabetes
I have fatigue and thirst,diabetes
I have itching and rash,allergy
I have rash and red eyes,allergy
I have red eyes and sneezing,allergy
I have sneezing and red eyes,allergy
I have rash and sneezing,allergy
I have itching and rash,allergy
I have itching and rash,allergy
I have itching and sneezing,allergy
I have sneezing and rash,allergy
I have rash and itching,allergy
I have sneezing and rash,allergy
I have sneezing and red eyes,allergy
I have sneezing and itching,allergy
I have itching and red eyes,allergy
I have rash and itching,allergy
I have sneezing and rash,allergy
I have rash and red eyes,allergy
I have sneezing and itching,allergy
I have sneezing and red eyes,allergy
I have rash and sneezing,allergy
I have itching and sneezing,allergy
I have itching and rash,allergy
I have itching and red eyes,allergy
I have sneezing and itching,allergy
I have rash and itching,allergy
I have itching and red eyes,allergy
I have red eyes and sneezing,allergy
I have rash and sneezing,allergy
I have red eyes and sneezing,allergy
I have rash and itching,allergy
I have itching and rash,allergy
I have sneezing and rash,allergy
I have itching and sneezing,allergy
I have sneezing and red eyes,allergy
I have red eyes and sneezing,allergy
I have itching and sneezing,allergy
I have red eyes and sneezing,allergy
I have red eyes and sneezing,allergy
I have red eyes and itching,allergy
I have itching and sneezing,allergy
I have sneezing and red eyes,allergy
I have rash and red eyes,allergy
I have rash and red eyes,allergy
I have red eyes and sneezing,allergy
I have red eyes and rash,allergy
I have red eyes and sneezing,allergy
I have sneezing and red eyes,allergy
I have itching and red eyes,allergy
I have sneezing and rash,allergy
I have itching and sneezing,allergy
I have itching and red eyes,allergy
I have rash and itching,allergy
I have itching and rash,allergy
I have red eyes and rash,allergy
I have sneezing and red eyes,allergy
I have itching and sneezing,allergy
I have rash and itching,allergy
I have itching and rash,allergy
I have itching and red eyes,allergy
I have rash and red eyes,allergy
I have rash and sneezing,allergy
I have itching and red eyes,allergy
I have itching and rash,allergy
I have sneezing and rash,allergy
I have rash and itching,allergy
I have itching and sneezing,allergy
I have itching and rash,allergy
I have red eyes and sneezing,allergy
I have itching and sneezing,allergy
I have rash and sneezing,allergy
I have red eyes and sneezing,allergy
I have rash and red eyes,allergy
I have red eyes and sneezing,allergy
I have rash and sneezing,allergy
I have rash and sneezing,allergy
I have sneezing and red eyes,allergy
I have red eyes and sneezing,allergy
I have rash and sneezing,allergy
I have rash and red eyes,allergy
I have red eyes and sneezing,allergy
I have itching and sneezing,allergy
I have rash and red eyes,allergy
I have red eyes and sneezing,allergy
I have red eyes and rash,allergy
I have itching and sneezing,allergy
I have sneezing and itching,allergy
I have rash and sneezing,allergy
I have red eyes and rash,allergy
I have rash and itching,allergy
I have red eyes and rash,allergy
I have sneezing and red eyes,allergy
I have sneezing and itching,allergy
I have red eyes and itching,allergy
I have rash and itching,allergy
I have itching and sneezing,allergy
I have itching and sneezing,allergy
I have red eyes and rash,allergy
I have rash and red eyes,allergy
I have rash and red eyes,allergy
I have red eyes and sneezing,allergy
I have sneezing and red eyes,allergy
I have rash and itching,allergy
I have red eyes and rash,allergy
I have rash and red eyes,allergy
I have red eyes and itching,allergy
I have red eyes and itching,allergy
I have itching and red eyes,allergy
I have sneezing and rash,allergy
I have itching and rash,allergy
I have itching and sneezing,allergy
I have itching and red eyes,allergy
I have itching and rash,allergy
I have itching and red eyes,allergy
I have rash and itching,allergy
I have red eyes and itching,allergy
I have rash and sneezing,allergy
I have itching and red eyes,allergy
I have rash and itching,allergy
I have red eyes and sneezing,allergy
I have rash and sneezing,allergy
I have sneezing and rash,allergy
I have sneezing and itching,allergy
I have sneezing and itching,allergy
I have rash and red eyes,allergy
I have rash and itching,allergy
I have sneezing and itching,allergy
I have itching and sneezing,allergy
I have sneezing and red eyes,allergy
I have sneezing and rash,allergy
I have rash and red eyes,allergy
I have red eyes and itching,allergy
I have itching and sneezing,allergy
I have rash and itching,allergy
I have red eyes and itching,allergy
I have red eyes and itching,allergy
I have rash and red eyes,allergy
I have itching and rash,allergy
I have red eyes and sneezing,allergy
I have itching and rash,allergy
I have red eyes and sneezing,allergy
I have red eyes and itching,allergy
I have sneezing and red eyes,allergy
I have red eyes and sneezing,allergy
I have itching and sneezing,allergy
I have red eyes and sneezing,allergy
I have sneezing and red eyes,allergy
I have itching and sneezing,allergy
I have rash and red eyes,allergy
I have itching and red eyes,allergy
I have sneezing and rash,allergy
I have red eyes and rash,allergy
I have red eyes and rash,allergy
I have itching and red eyes,allergy
I have sneezing and rash,allergy
I have sneezing and itching,allergy
I have rash and itching,allergy
I have itching and sneezing,allergy
I have itching and red eyes,allergy
I have red eyes and rash,allergy
I have sneezing and itching,allergy
I have red eyes and itching,allergy
I have rash and red eyes,allergy
I have itching and sneezing,allergy
I have rash and sneezing,allergy
I have itching and red eyes,allergy
I have itching and rash,allergy
I have sneezing and rash,allergy
I have itching and sneezing,allergy
I have sneezing and red eyes,allergy
I have red eyes and rash,allergy
I have itching and sneezing,allergy
I have sneezing and red eyes,allergy
I have sneezing and itching,allergy
I have rash and red eyes,allergy
I have rash and itching,allergy
I have rash and red eyes,allergy
I have sneezing and red eyes,allergy
I have itching and rash,allergy
I have sneezing and rash,allergy
I have red eyes and itching,allergy
I have sneezing and rash,allergy
I have sneezing and rash,allergy
I have itching and red eyes,allergy
I have red eyes and itching,allergy
I have sneezing and red eyes,allergy
I have sneezing and red eyes,allergy
I have rash and red eyes,allergy
I have rash and itching,allergy
I have itching and red eyes,allergy
I have rash and itching,allergy
I have sneezing and rash,allergy
I have red eyes and sneezing,allergy
I have itching and red eyes,allergy
I have red eyes and rash,allergy
I have sneezing and rash,allergy
I have itching and rash,allergy
I have itching and red eyes,allergy
I have sneezing and itching,allergy
I have sneezing and red eyes,allergy
I have itching and sneezing,allergy
I have stomach pain and diarrhea,food_poisoning
I have stomach pain and vomiting,food_poisoning
I have vomiting and diarrhea,food_poisoning
I have diarrhea and vomiting,food_poisoning
I have diarrhea and vomiting,food_poisoning
I have vomiting and diarrhea,food_poisoning
I have stomach pain and diarrhea,food_poisoning
I have diarrhea and vomiting,food_poisoning
I have vomiting and diarrhea,food_poisoning
I have vomiting and diarrhea,food_poisoning
I have vomiting and stomach pain,food_poisoning
I have vomiting and diarrhea,food_poisoning
I have vomiting and diarrhea,food_poisoning
I have stomach pain and diarrhea,food_poisoning
I have stomach pain and vomiting,food_poisoning
I have stomach pain and vomiting,food_poisoning
I have stomach pain and diarrhea,food_poisoning
I have vomiting and diarrhea,food_poisoning
I have diarrhea and vomiting,food_poisoning
I have stomach pain and vomiting,food_poisoning
I have diarrhea and stomach pain,food_poisoning
I have vomiting and diarrhea,food_poisoning
I have vomiting and stomach pain,food_poisoning
I have stomach pain and diarrhea,food_poisoning
I have diarrhea and vomiting,food_poisoning
I have stomach pain and diarrhea,food_poisoning
I have vomiting and diarrhea,food_poisoning
I have diarrhea and vomiting,food_poisoning
I have stomach pain and vomiting,food_poisoning
I have stomach pain and diarrhea,food_poisoning
I have stomach pain and diarrhea,food_poisoning
I have stomach pain and vomiting,food_poisoning
I have stomach pain and vomiting,food_poisoning
I have vomiting and stomach pain,food_poisoning
I have stomach pain and diarrhea,food_poisoning
I have diarrhea and stomach pain,food_poisoning
I have vomiting and stomach pain,food_poisoning
I have stomach pain and vomiting,food_poisoning
I have stomach pain and diarrhea,food_poisoning
I have vomiting and stomach pain,food_poisoning
I have stomach pain and diarrhea,food_poisoning
I have stomach pain and diarrhea,food_poisoning
I have diarrhea and stomach pain,food_poisoning
I have stomach pain and vomiting,food_poisoning
I have stomach pain and diarrhea,food_poisoning
I have vomiting and diarrhea,food_poisoning
I have diarrhea and vomiting,food_poisoning
I have diarrhea and stomach pain,food_poisoning
I have stomach pain and diarrhea,food_poisoning
I have vomiting and stomach pain,food_poisoning
I have vomiting and diarrhea,food_poisoning
I have vomiting and diarrhea,food_poisoning
I have vomiting and stomach pain,food_poisoning
I have stomach pain and vomiting,food_poisoning
I have stomach pain and diarrhea,food_poisoning
I have vomiting and stomach pain,food_poisoning
I have diarrhea and vomiting,food_poisoning
I have stomach pain and vomiting,food_poisoning
I have diarrhea and vomiting,food_poisoning
I have stomach pain and diarrhea,food_poisoning
I have diarrhea and vomiting,food_poisoning
I have vomiting and stomach pain,food_poisoning
I have vomiting and stomach pain,food_poisoning
I have diarrhea and vomiting,food_poisoning
I have vomiting and diarrhea,food_poisoning
I have vomiting and stomach pain,food_poisoning
I have diarrhea and vomiting,food_poisoning
I have diarrhea and vomiting,food_poisoning
I have vomiting and diarrhea,food_poisoning
I have diarrhea and stomach pain,food_poisoning
I have stomach pain and diarrhea,food_poisoning
I have diarrhea and vomiting,food_poisoning
I have diarrhea and stomach pain,food_poisoning
I have diarrhea and stomach pain,food_poisoning
I have diarrhea and vomiting,food_poisoning
I have stomach pain and vomiting,food_poisoning
I have stomach pain and diarrhea,food_poisoning
I have stomach pain and diarrhea,food_poisoning
I have stomach pain and vomiting,food_poisoning
I have diarrhea and vomiting,food_poisoning
I have diarrhea and vomiting,food_poisoning
I have stomach pain and vomiting,food_poisoning
I have vomiting and stomach pain,food_poisoning
I have stomach pain and vomiting,food_poisoning
I have stomach pain and diarrhea,food_poisoning
I have vomiting and stomach pain,food_poisoning
I have stomach pain and vomiting,food_poisoning
I have stomach pain and diarrhea,food_poisoning
I have diarrhea and stomach pain,food_poisoning
I have vomiting and diarrhea,food_poisoning
I have diarrhea and vomiting,food_poisoning
I have stomach pain and diarrhea,food_poisoning
I have diarrhea and stomach pain,food_poisoning
I have diarrhea and vomiting,food_poisoning
I have vomiting and diarrhea,food_poisoning
I have diarrhea and vomiting,food_poisoning
I have vomiting and stomach pain,food_poisoning
I have diarrhea and stomach pain,food_poisoning
I have stomach pain and diarrhea,food_poisoning
I have diarrhea and stomach pain,food_poisoning
I have diarrhea and stomach pain,food_poisoning
I have stomach pain and vomiting,food_poisoning
I have stomach pain and vomiting,food_poisoning
I have vomiting and stomach pain,food_poisoning
I have vomiting and stomach pain,food_poisoning
I have stomach pain and vomiting,food_poisoning
I have stomach pain and vomiting,food_poisoning
I have diarrhea and vomiting,food_poisoning
I have stomach pain and vomiting,food_poisoning
I have stomach pain and vomiting,food_poisoning
I have vomiting and diarrhea,food_poisoning
I have diarrhea and stomach pain,food_poisoning
I have stomach pain and diarrhea,food_poisoning
I have diarrhea and vomiting,food_poisoning
I have vomiting and stomach pain,food_poisoning
I have stomach pain and diarrhea,food_poisoning
I have stomach pain and vomiting,food_poisoning
I have vomiting and diarrhea,food_poisoning
I have diarrhea and vomiting,food_poisoning
I have diarrhea and stomach pain,food_poisoning
I have stomach pain and vomiting,food_poisoning
I have stomach pain and vomiting,food_poisoning
I have diarrhea and vomiting,food_poisoning
I have diarrhea and stomach pain,food_poisoning
I have vomiting and stomach pain,food_poisoning
I have vomiting and stomach pain,food_poisoning
I have stomach pain and diarrhea,food_poisoning
I have vomiting and stomach pain,food_poisoning
I have stomach pain and vomiting,food_poisoning
I have vomiting and stomach pain,food_poisoning
I have diarrhea and vomiting,food_poisoning
I have diarrhea and vomiting,food_poisoning
I have diarrhea and stomach pain,food_poisoning
I have vomiting and stomach pain,food_poisoning
I have vomiting and stomach pain,food_poisoning
I have vomiting and stomach pain,food_poisoning
I have vomiting and stomach pain,food_poisoning
I have diarrhea and stomach pain,food_poisoning
I have stomach pain and vomiting,food_poisoning
I have stomach pain and vomiting,food_poisoning
I have diarrhea and stomach pain,food_poisoning
I have stomach pain and diarrhea,food_poisoning
I have diarrhea and stomach pain,food_poisoning
I have diarrhea and stomach pain,food_poisoning
I have stomach pain and vomiting,food_poisoning
I have vomiting and diarrhea,food_poisoning
I have vomiting and diarrhea,food_poisoning
I have vomiting and diarrhea,food_poisoning
I have vomiting and stomach pain,food_poisoning
I have vomiting and stomach pain,food_poisoning
I have diarrhea and vomiting,food_poisoning
I have diarrhea and stomach pain,food_poisoning
I have diarrhea and stomach pain,food_poisoning
I have stomach pain and vomiting,food_poisoning
I have stomach pain and diarrhea,food_poisoning
I have stomach pain and diarrhea,food_poisoning
I have stomach pain and vomiting,food_poisoning
I have vomiting and diarrhea,food_poisoning
I have vomiting and stomach pain,food_poisoning
I have diarrhea and vomiting,food_poisoning
I have stomach pain and vomiting,food_poisoning
I have vomiting and diarrhea,food_poisoning
I have stomach pain and diarrhea,food_poisoning
I have stomach pain and diarrhea,food_poisoning
I have vomiting and diarrhea,food_poisoning
I have stomach pain and diarrhea,food_poisoning
I have stomach pain and diarrhea,food_poisoning
I have vomiting and stomach pain,food_poisoning
I have diarrhea and vomiting,food_poisoning
I have diarrhea and stomach pain,food_poisoning
I have stomach pain and vomiting,food_poisoning
I have vomiting and stomach pain,food_poisoning
I have vomiting and stomach pain,food_poisoning
I have stomach pain and diarrhea,food_poisoning
I have stomach pain and vomiting,food_poisoning
I have diarrhea and vomiting,food_poisoning
I have diarrhea and vomiting,food_poisoning
I have diarrhea and stomach pain,food_poisoning
I have stomach pain and diarrhea,food_poisoning
I have vomiting and diarrhea,food_poisoning
I have stomach pain and diarrhea,food_poisoning
I have vomiting and stomach pain,food_poisoning
I have vomiting and diarrhea,food_poisoning
I have diarrhea and vomiting,food_poisoning
I have stomach pain and diarrhea,food_poisoning
I have stomach pain and vomiting,food_poisoning
I have vomiting and diarrhea,food_poisoning
I have vomiting and stomach pain,food_poisoning
I have vomiting and stomach pain,food_poisoning
I have diarrhea and vomiting,food_poisoning
I have vomiting and diarrhea,food_poisoning
I have stomach pain and vomiting,food_poisoning
I have diarrhea and stomach pain,food_poisoning
I have vomiting and diarrhea,food_poisoning
I have diarrhea and vomiting,food_poisoning
I have stomach pain and vomiting,food_poisoning
I have diarrhea and vomiting,food_poisoning
I have vomiting and stomach pain,food_poisoning
I have diarrhea and stomach pain,food_poisoning
I have diarrhea and stomach pain,food_poisoning
I have dizziness and fatigue,anemia
I have dizziness and fatigue,anemia
I have pale skin and dizziness,anemia
I have pale skin and dizziness,anemia
I have dizziness and pale skin,anemia
I have fatigue and pale skin,anemia
I have pale skin and dizziness,anemia
I have pale skin and fatigue,anemia
I have fatigue and pale skin,anemia
I have dizziness and fatigue,anemia
I have dizziness and fatigue,anemia
I have fatigue and dizziness,anemia
I have dizziness and pale skin,anemia
I have fatigue and dizziness,anemia
I have fatigue and dizziness,anemia
I have fatigue and dizziness,anemia
I have pale skin and dizziness,anemia
I have dizziness and pale skin,anemia
I have dizziness and fatigue,anemia
I have pale skin and dizziness,anemia
I have fatigue and dizziness,anemia
I have dizziness and fatigue,anemia
I have fatigue and pale skin,anemia
I have fatigue and dizziness,anemia
I have dizziness and fatigue,anemia
I have dizziness and pale skin,anemia
I have dizziness and fatigue,anemia
I have fatigue and pale skin,anemia
I have pale skin and fatigue,anemia
I have fatigue and pale skin,anemia
I have dizziness and fatigue,anemia
I have fatigue and dizziness,anemia
I have pale skin and dizziness,anemia
I have pale skin and fatigue,anemia
I have pale skin and dizziness,anemia
I have fatigue and pale skin,anemia
I have pale skin and fatigue,anemia
I have pale skin and fatigue,anemia
I have dizziness and fatigue,anemia
I have fatigue and dizziness,anemia
I have fatigue and pale skin,anemia
I have fatigue and pale skin,anemia
I have fatigue and pale skin,anemia
I have pale skin and dizziness,anemia
I have pale skin and fatigue,anemia
I have pale skin and dizziness,anemia
I have dizziness and pale skin,anemia
I have dizziness and pale skin,anemia
I have fatigue and dizziness,anemia
I have fatigue and dizziness,anemia
I have dizziness and pale skin,anemia
I have pale skin and dizziness,anemia
I have pale skin and dizziness,anemia
I have fatigue and pale skin,anemia
I have pale skin and fatigue,anemia
I have pale skin and fatigue,anemia
I have dizziness and fatigue,anemia
I have dizziness and pale skin,anemia
I have fatigue and dizziness,anemia
I have dizziness and pale skin,anemia
I have fatigue and pale skin,anemia
I have pale skin and dizziness,anemia
I have dizziness and pale skin,anemia
I have pale skin and dizziness,anemia
I have pale skin and dizziness,anemia
I have fatigue and pale skin,anemia
I have dizziness and fatigue,anemia
I have dizziness and fatigue,anemia
I have fatigue and pale skin,anemia
I have dizziness and pale skin,anemia
I have fatigue and pale skin,anemia
I have fatigue and dizziness,anemia
I have dizziness and pale skin,anemia
I have fatigue and dizziness,anemia
I have dizziness and pale skin,anemia
I have dizziness and pale skin,anemia
I have fatigue and pale skin,anemia
I have pale skin and dizziness,anemia
I have pale skin and dizziness,anemia
I have dizziness and fatigue,anemia
I have pale skin and dizziness,anemia
I have dizziness and fatigue,anemia
I have dizziness and fatigue,anemia
I have dizziness and fatigue,anemia
I have dizziness and pale skin,anemia
I have pale skin and fatigue,anemia
I have fatigue and dizziness,anemia
I have pale skin and fatigue,anemia
I have pale skin and fatigue,anemia
I have dizziness and pale skin,anemia
I have dizziness and fatigue,anemia
I have pale skin and fatigue,anemia
I have pale skin and dizziness,anemia
I have dizziness and fatigue,anemia
I have fatigue and pale skin,anemia
I have fatigue and pale skin,anemia
I have dizziness and fatigue,anemia
I have fatigue and dizziness,anemia
I have pale skin and dizziness,anemia
I have dizziness and pale skin,anemia
I have pale skin and fatigue,anemia
I have dizziness and fatigue,anemia
I have fatigue and pale skin,anemia
I have fatigue and dizziness,anemia
I have dizziness and fatigue,anemia
I have fatigue and dizziness,anemia
I have fatigue and pale skin,anemia
I have dizziness and fatigue,anemia
I have pale skin and dizziness,anemia
I have fatigue and dizziness,anemia
I have dizziness and fatigue,anemia
I have fatigue and pale skin,anemia
I have pale skin and dizziness,anemia
I have dizziness and pale skin,anemia
I have dizziness and fatigue,anemia
I have fatigue and pale skin,anemia
I have dizziness and fatigue,anemia
I have pale skin and fatigue,anemia
I have dizziness and fatigue,anemia
I have pale skin and dizziness,anemia
I have fatigue and dizziness,anemia
I have pale skin and fatigue,anemia
I have dizziness and pale skin,anemia
I have dizziness and pale skin,anemia
I have pale skin and dizziness,anemia
I have fatigue and dizziness,anemia
I have fatigue and pale skin,anemia
I have fatigue and dizziness,anemia
I have pale skin and dizziness,anemia
I have fatigue and dizziness,anemia
I have dizziness and fatigue,anemia
I have pale skin and fatigue,anemia
I have fatigue and dizziness,anemia
I have dizziness and pale skin,anemia
I have dizziness and pale skin,anemia
I have dizziness and pale skin,anemia
I have fatigue and dizziness,anemia
I have pale skin and fatigue,anemia
I have fatigue and pale skin,anemia
I have pale skin and fatigue,anemia
I have fatigue and pale skin,anemia
I have fatigue and dizziness,anemia
I have dizziness and pale skin,anemia
I have fatigue and pale skin,anemia
I have fatigue and dizziness,anemia
I have dizziness and fatigue,anemia
I have pale skin and fatigue,anemia
I have dizziness and fatigue,anemia
I have pale skin and dizziness,anemia
I have pale skin and fatigue,anemia
I have pale skin and dizziness,anemia
I have dizziness and pale skin,anemia
I have pale skin and dizziness,anemia
I have fatigue and dizziness,anemia
I have fatigue and dizziness,anemia
I have pale skin and fatigue,anemia
I have pale skin and dizziness,anemia
I have pale skin and fatigue,anemia
I have dizziness and pale skin,anemia
I have pale skin and dizziness,anemia
I have dizziness and fatigue,anemia
I have fatigue and pale skin,anemia
I have fatigue and dizziness,anemia
I have fatigue and pale skin,anemia
I have fatigue and dizziness,anemia
I have fatigue and dizziness,anemia
I have dizziness and fatigue,anemia
I have dizziness and pale skin,anemia
I have fatigue and pale skin,anemia
I have fatigue and dizziness,anemia
I have pale skin and fatigue,anemia
I have pale skin and fatigue,anemia
I have dizziness and fatigue,anemia
I have fatigue and pale skin,anemia
I have pale skin and dizziness,anemia
I have dizziness and fatigue,anemia
I have pale skin and fatigue,anemia
I have dizziness and fatigue,anemia
I have pale skin and dizziness,anemia
I have fatigue and dizziness,anemia
I have pale skin and dizziness,anemia
I have dizziness and fatigue,anemia
I have pale skin and fatigue,anemia
I have dizziness and pale skin,anemia
I have dizziness and pale skin,anemia
I have fatigue and pale skin,anemia
I have fatigue and pale skin,anemia
I have pale skin and fatigue,anemia
I have dizziness and fatigue,anemia
I have fatigue and dizziness,anemia
I have pale skin and fatigue,anemia
I have pale skin and dizziness,anemia
I have dizziness and fatigue,anemia
I have fatigue and dizziness,anemia
I have fatigue and dizziness,anemia
I have dizziness and fatigue,anemia
I have dizziness and pale skin,anemia
I have fatigue and dizziness,anemia
I have dizziness and pale skin,anemia
I have dizziness and pale skin,anemia
I have swelling and joint pain,arthritis
I have swelling and joint pain,arthritis
I have swelling and stiffness,arthritis
I have stiffness and joint pain,arthritis
I have joint pain and stiffness,arthritis
I have swelling and joint pain,arthritis
I have joint pain and stiffness,arthritis
I have swelling and stiffness,arthritis
I have stiffness and swelling,arthritis
I have swelling and joint pain,arthritis
I have swelling and stiffness,arthritis
I have joint pain and swelling,arthritis
I have stiffness and swelling,arthritis
I have joint pain and stiffness,arthritis
I have swelling and stiffness,arthritis
I have swelling and joint pain,arthritis
I have joint pain and stiffness,arthritis
I have swelling and joint pain,arthritis
I have joint pain and swelling,arthritis
I have joint pain and swelling,arthritis
I have stiffness and joint pain,arthritis
I have swelling and stiffness,arthritis
I have joint pain and swelling,arthritis
I have joint pain and swelling,arthritis
I have stiffness and joint pain,arthritis
I have joint pain and swelling,arthritis
I have stiffness and joint pain,arthritis
I have joint pain and stiffness,arthritis
I have swelling and joint pain,arthritis
I have stiffness and joint pain,arthritis
I have stiffness and swelling,arthritis
I have joint pain and stiffness,arthritis
I have stiffness and swelling,arthritis
I have swelling and joint pain,arthritis
I have stiffness and joint pain,arthritis
I have stiffness and swelling,arthritis
I have stiffness and joint pain,arthritis
I have joint pain and swelling,arthritis
I have joint pain and stiffness,arthritis
I have stiffness and joint pain,arthritis
I have joint pain and stiffness,arthritis
I have stiffness and joint pain,arthritis
I have swelling and joint pain,arthritis
I have joint pain and swelling,arthritis
I have joint pain and swelling,arthritis
I have joint pain and stiffness,arthritis
I have joint pain and swelling,arthritis
I have stiffness and swelling,arthritis
I have swelling and joint pain,arthritis
I have swelling and stiffness,arthritis
I have stiffness and swelling,arthritis
I have joint pain and stiffness,arthritis
I have stiffness and swelling,arthritis
I have joint pain and stiffness,arthritis
I have joint pain and stiffness,arthritis
I have swelling and stiffness,arthritis
I have swelling and joint pain,arthritis
I have joint pain and stiffness,arthritis
I have joint pain and swelling,arthritis
I have swelling and joint pain,arthritis
I have swelling and stiffness,arthritis
I have swelling and joint pain,arthritis
I have stiffness and joint pain,arthritis
I have stiffness and joint pain,arthritis
I have joint pain and stiffness,arthritis
I have swelling and joint pain,arthritis
I have joint pain and swelling,arthritis
I have joint pain and stiffness,arthritis
I have swelling and joint pain,arthritis
I have joint pain and swelling,arthritis
I have joint pain and stiffness,arthritis
I have swelling and joint pain,arthritis
I have swelling and joint pain,arthritis
I have swelling and stiffness,arthritis
I have joint pain and swelling,arthritis
I have stiffness and joint pain,arthritis
I have stiffness and joint pain,arthritis
I have stiffness and swelling,arthritis
I have swelling and stiffness,arthritis
I have swelling and stiffness,arthritis
I have stiffness and swelling,arthritis
I have stiffness and joint pain,arthritis
I have swelling and joint pain,arthritis
I have swelling and joint pain,arthritis
I have stiffness and joint pain,arthritis
I have joint pain and swelling,arthritis
I have swelling and joint pain,arthritis
I have stiffness and joint pain,arthritis
I have swelling and stiffness,arthritis
I have swelling and stiffness,arthritis
I have joint pain and stiffness,arthritis
I have stiffness and joint pain,arthritis
I have stiffness and joint pain,arthritis
I have swelling and joint pain,arthritis
I have stiffness and swelling,arthritis
I have stiffness and joint pain,arthritis
I have stiffness and swelling,arthritis
I have joint pain and swelling,arthritis
I have joint pain and stiffness,arthritis
I have joint pain and swelling,arthritis
I have joint pain and stiffness,arthritis
I have joint pain and swelling,arthritis
I have stiffness and joint pain,arthritis
I have stiffness and swelling,arthritis
I have swelling and stiffness,arthritis
I have joint pain and stiffness,arthritis
I have stiffness and joint pain,arthritis
I have joint pain and stiffness,arthritis
I have swelling and joint pain,arthritis
I have stiffness and swelling,arthritis
I have stiffness and joint pain,arthritis
I have joint pain and stiffness,arthritis
I have joint pain and swelling,arthritis
I have joint pain and swelling,arthritis
I have stiffness and swelling,arthritis
I have swelling and stiffness,arthritis
I have swelling and joint pain,arthritis
I have stiffness and swelling,arthritis
I have stiffness and joint pain,arthritis
I have swelling and joint pain,arthritis
I have stiffness and joint pain,arthritis
I have joint pain and swelling,arthritis
I have joint pain and stiffness,arthritis
I have stiffness and joint pain,arthritis
I have stiffness and swelling,arthritis
I have joint pain and swelling,arthritis
I have stiffness and joint pain,arthritis
I have joint pain and stiffness,arthritis
I have swelling and stiffness,arthritis
I have joint pain and swelling,arthritis
I have stiffness and swelling,arthritis
I have swelling and joint pain,arthritis
I have stiffness and joint pain,arthritis
I have joint pain and swelling,arthritis
I have joint pain and stiffness,arthritis
I have swelling and stiffness,arthritis
I have joint pain and stiffness,arthritis
I have swelling and joint pain,arthritis
I have stiffness and joint pain,arthritis
I have joint pain and stiffness,arthritis
I have stiffness and joint pain,arthritis
I have swelling and joint pain,arthritis
I have joint pain and swelling,arthritis
I have joint pain and swelling,arthritis
I have swelling and joint pain,arthritis
I have joint pain and swelling,arthritis
I have stiffness and joint pain,arthritis
I have stiffness and joint pain,arthritis
I have swelling and joint pain,arthritis
I have joint pain and stiffness,arthritis
I have swelling and stiffness,arthritis
I have joint pain and swelling,arthritis
I have swelling and stiffness,arthritis
I have stiffness and joint pain,arthritis
I have joint pain and stiffness,arthritis
I have swelling and stiffness,arthritis
I have joint pain and stiffness,arthritis
I have swelling and stiffness,arthritis
I have joint pain and swelling,arthritis
I have joint pain and swelling,arthritis
I have joint pain and swelling,arthritis
I have swelling and joint pain,arthritis
I have joint pain and swelling,arthritis
I have joint pain and swelling,arthritis
I have swelling and joint pain,arthritis
I have stiffness and swelling,arthritis
I have stiffness and swelling,arthritis
I have swelling and joint pain,arthritis
I have joint pain and stiffness,arthritis
I have joint pain and stiffness,arthritis
I have stiffness and swelling,arthritis
I have joint pain and stiffness,arthritis
I have joint pain and stiffness,arthritis
I have joint pain and swelling,arthritis
I have stiffness and swelling,arthritis
I have stiffness and joint pain,arthritis
I have swelling and joint pain,arthritis
I have joint pain and swelling,arthritis
I have stiffness and swelling,arthritis
I have joint pain and stiffness,arthritis
I have stiffness and joint pain,arthritis
I have stiffness and joint pain,arthritis
I have swelling and stiffness,arthritis
I have stiffness and swelling,arthritis
I have joint pain and swelling,arthritis
I have joint pain and stiffness,arthritis
I have swelling and stiffness,arthritis
I have joint pain and swelling,arthritis
I have joint pain and swelling,arthritis
I have stiffness and joint pain,arthritis
I have joint pain and swelling,arthritis
I have swelling and joint pain,arthritis
I have joint pain and stiffness,arthritis
I have swelling and stiffness,arthritis
I have stiffness and swelling,arthritis
I have swelling and stiffness,arthritis
I have swelling and stiffness,arthritis
I have joint pain and stiffness,arthritis
I have stiffness and joint pain,arthritis
I have stiffness and joint pain,arthritis
